{
    "loss": {
        "0": [
            1.7072288592656453,
            2.153676152229309,
            2.1434241930643716,
            2.007047454516093,
            1.9178414742151897,
            1.6594753464063008,
            1.7164640824000041,
            1.820406049489975,
            1.888474941253662,
            2.1419630646705627
        ],
        "1": [
            5.94843253493309,
            6.1594157218933105,
            6.501092533270518,
            7.159814854462941,
            7.875585218270619,
            8.506217817465464,
            8.800837318102518,
            8.396871089935303,
            9.769994695981344,
            10.20308687289556
        ],
        "2": [
            0.737013041973114,
            0.9100658893585205,
            1.248373548189799,
            1.8114053805669148,
            2.087864637374878,
            2.6412838101387024,
            2.621278723080953,
            2.9087560176849365,
            2.3387215534845986,
            2.3590020338694253
        ],
        "3": [
            25.23870958884557,
            17.624901870886486,
            12.860913574695587,
            10.142843981583914,
            8.7932355205218,
            9.235299189885458,
            9.526446759700775,
            9.828132450580597,
            10.3363738656044,
            11.62780233224233
        ]
    },
    "accuracy": {
        "0": [
            0.5824906367041199,
            0.5329588014981274,
            0.6542134831460674,
            0.6021535580524345,
            0.6093632958801498,
            0.5920411985018726,
            0.5937265917602996,
            0.5939138576779026,
            0.5825842696629214,
            0.5963483146067415
        ],
        "1": [
            0.49653558052434454,
            0.6778089887640449,
            0.674063670411985,
            0.672565543071161,
            0.6649812734082396,
            0.6620786516853933,
            0.6546816479400749,
            0.6379213483146067,
            0.6595505617977527,
            0.6616104868913858
        ],
        "2": [
            0.673689138576779,
            0.5709737827715355,
            0.5540262172284645,
            0.5237827715355805,
            0.5044007490636705,
            0.5027153558052434,
            0.4976591760299625,
            0.497752808988764,
            0.5072097378277154,
            0.5163857677902622
        ],
        "3": [
            0.5397940074906367,
            0.5468164794007491,
            0.5124531835205993,
            0.5874531835205993,
            0.5441011235955057,
            0.5399812734082398,
            0.5321161048689139,
            0.5315543071161049,
            0.5442883895131087,
            0.5239700374531835
        ]
    },
    "f1_score": {
        "0": [
            0.46327153421830575,
            0.4834026251143842,
            0.6232215550662111,
            0.5659446879232682,
            0.5720478693146921,
            0.5486609453078093,
            0.5527779339977568,
            0.5018536335083451,
            0.4782265079038352,
            0.5576790098232056
        ],
        "1": [
            0.41970754616590106,
            0.6132997710823337,
            0.6067855510186083,
            0.6049847436237116,
            0.5957743345024614,
            0.5921570072267802,
            0.58308106292627,
            0.5614220043690702,
            0.5890637817459558,
            0.5915816689740774
        ],
        "2": [
            0.6415517210078995,
            0.5059305575514961,
            0.4967245897857526,
            0.43975592836639227,
            0.4031729894288734,
            0.4037663065458179,
            0.38908863991839787,
            0.3882151108083101,
            0.40974553923565066,
            0.4249338404467209
        ],
        "3": [
            0.4561467773042435,
            0.4595194056868302,
            0.4324369172518931,
            0.5070299275239345,
            0.42799635247363615,
            0.4211994770890657,
            0.40832388364204286,
            0.4072951899400717,
            0.4288277673567468,
            0.43441985481259887
        ]
    },
    "task_accuracy_matrix": {
        "0": {
            "0": 0.6542134831460674
        },
        "1": {
            "0": 0.5595505617977529,
            "1": 0.6778089887640449
        },
        "2": {
            "0": 0.47453183520599246,
            "1": 0.5611423220973782,
            "2": 0.673689138576779
        },
        "3": {
            "0": 0.676498127340824,
            "1": 0.6478464419475656,
            "2": 0.5451310861423221,
            "3": 0.5874531835205993
        }
    },
    "bwt": {
        "0": 0.0,
        "1": -0.09466292134831455,
        "2": -0.14817415730337083,
        "3": -0.045411985018726564
    }
}