{
    "loss": {
        "0": [
            2.169529172281424,
            3.826307274401188,
            4.718979112803936,
            4.189193932339549,
            4.633630950003862,
            5.420670038710038,
            4.126606268187364,
            2.791974471261104,
            2.5126653959353766,
            3.6846441899736724,
            2.710470799356699,
            2.474450141967585,
            2.3270682119764388,
            2.302195388978968,
            2.3800831076999507,
            2.401190934702754,
            2.7164980936795473,
            2.858352161323031,
            2.9906921703368425,
            3.037689244374633
        ],
        "1": [
            5.614609589179357,
            1.78240907471627,
            1.099730114840592,
            0.8638123717003813,
            0.8051437040946136,
            0.7526775488319496,
            0.7039473912833879,
            0.6828067162229369,
            0.6616008586715907,
            0.5642098058015108,
            0.5790343909369161,
            0.5251224190772822,
            0.5445480093670388,
            0.5742692140241464,
            0.6473868454340845,
            0.8424346949905157,
            0.6536324891106536,
            0.6860808251270404,
            0.5983943090929339,
            0.6059156529760609
        ],
        "2": [
            2.341432973742485,
            3.4673120100051165,
            3.746361364920934,
            4.290604031334321,
            3.6575602861121297,
            3.284658117375026,
            3.1670122779905796,
            2.872150709386915,
            2.5509726313563683,
            2.756234942780187,
            2.9291988941840827,
            3.0462631850192943,
            3.0216230656951666,
            2.88826429269587,
            2.864465627198418,
            2.8035561849052706,
            2.7232892548975847,
            2.649866000749171,
            2.6379452271697423,
            2.560625653869162
        ],
        "3": [
            3.84803059262534,
            2.0569308462242284,
            1.737028846827646,
            1.8638725727796555,
            1.664574069281419,
            1.6196079949537914,
            1.6364673996965091,
            1.629757434129715,
            1.6317978526155155,
            1.5144236758351326,
            1.4541920746366184,
            1.613942543665568,
            1.5321322207649548,
            1.6539542650183041,
            1.4902820711334546,
            1.5700865536928177,
            1.4571586797634761,
            1.505146972835064,
            1.5132388671239216,
            1.4664285629987717
        ]
    },
    "accuracy": {
        "0": [
            0.5849977495145896,
            0.6132934110795664,
            0.6350426570054409,
            0.7190707772797983,
            0.6328863823477723,
            0.6323568907595555,
            0.6311677758424805,
            0.6245512477661471,
            0.643619476788215,
            0.6798456309673804,
            0.7016633242122534,
            0.7233643183777266,
            0.7299077986971031,
            0.7380547933229912,
            0.744671968679639,
            0.7322271477858467,
            0.7276679721722403,
            0.7285531046584582,
            0.7269486591836806,
            0.7217040766835995
        ],
        "1": [
            0.5515635832605758,
            0.7664006133478908,
            0.7984053771476708,
            0.8246260221546957,
            0.8404731330951937,
            0.847977471157605,
            0.8490092989906349,
            0.8579193308639987,
            0.8556304866654686,
            0.8622425299399038,
            0.8376248419987768,
            0.8502463123662318,
            0.8413737483051683,
            0.8245590008556266,
            0.8380462563700825,
            0.8435190382031023,
            0.8233820259447161,
            0.8209612374778031,
            0.8361765330616473,
            0.8433312837864194
        ],
        "2": [
            0.6321373919742933,
            0.6201277368738483,
            0.6125419228390924,
            0.6312999211810879,
            0.6254863789401731,
            0.6150641561868818,
            0.642029704432361,
            0.6230143088717816,
            0.5932487637881312,
            0.6134948390631991,
            0.6382470047876437,
            0.636210143758742,
            0.6417494241469163,
            0.6449282857124262,
            0.6438168453772584,
            0.6378824856184214,
            0.6419899999808277,
            0.642748939770484,
            0.6450267482134461,
            0.6502185033221137
        ],
        "3": [
            0.6232271977255656,
            0.6389621031042972,
            0.6262807769388586,
            0.6032223064033443,
            0.6090471492166821,
            0.6102646036603392,
            0.5950096649144433,
            0.590762460231797,
            0.5907543290273288,
            0.5999888994117878,
            0.6027910439068324,
            0.5862826643289601,
            0.5973629223094089,
            0.5868859593087404,
            0.6005392316377991,
            0.5936614814511751,
            0.6064806164920719,
            0.6026330065534211,
            0.6019918272390589,
            0.6037975624558969
        ]
    },
    "f1_score": {
        "0": [
            0.4779235030872256,
            0.5122013063174505,
            0.5393951566149092,
            0.6518712221480408,
            0.5424447625832803,
            0.5369836055656724,
            0.5394792080121944,
            0.5467034274608992,
            0.5811100444266649,
            0.6182459950094249,
            0.6379339371107878,
            0.6598470976502196,
            0.6702107185735334,
            0.6816734235409753,
            0.6905373458212622,
            0.6807830545259496,
            0.6731557788876185,
            0.6727212829526338,
            0.6679325617741702,
            0.6601308057745767
        ],
        "1": [
            0.4217235615204434,
            0.7024763721592974,
            0.7423144447509933,
            0.785213151149677,
            0.8070742248319523,
            0.8168847348845532,
            0.8200280099004348,
            0.8291992879598782,
            0.8273917948503614,
            0.8363080212958548,
            0.8137700944760516,
            0.8261248645728426,
            0.8192230131581836,
            0.7984260461214817,
            0.8072773202267961,
            0.8082112481894628,
            0.7978200721142058,
            0.7965066127140078,
            0.8164988054208515,
            0.8239474198233826
        ],
        "2": [
            0.5121873531342414,
            0.4830393574439702,
            0.468865650546136,
            0.5022360642443713,
            0.5370101236818046,
            0.4970789197310969,
            0.5435583612782947,
            0.5143278859743522,
            0.5287509730829761,
            0.5213624902694429,
            0.5443152033175955,
            0.5460753959407628,
            0.5544329508647975,
            0.5583714121271278,
            0.5607392235014204,
            0.56189681035892,
            0.5597265971592135,
            0.5608831916137565,
            0.5644191783048215,
            0.5640318402548921
        ],