{
    "loss": {
        "0": [
            0.7108900547027588,
            1.3656967480977376,
            1.5849290490150452,
            1.518207589785258,
            1.5309275090694427,
            1.3080069820086162,
            1.9177844127019246,
            2.0361897945404053,
            2.334953566392263,
            1.2252509494622548
        ],
        "1": [
            1.1157799164454143,
            1.1010329127311707,
            1.3850519855817158,
            1.3013570706049602,
            0.9224711457888285,
            0.9608599344889323,
            0.9008689324061075,
            0.8740747769673666,
            0.8516678015391032,
            1.0490683714548747
        ],
        "2": [
            0.6903979877630869,
            0.6595248381296793,
            0.6719697713851929,
            0.6822674870491028,
            0.6970922152201334,
            0.6859840949376425,
            0.6898434559504191,
            0.7066091497739156,
            0.7061206301053365,
            0.6980908115704855
        ],
        "3": [
            0.7130018671353658,
            0.6704165538152059,
            0.6589751839637756,
            0.6457614501317342,
            0.6433798472086588,
            0.6445630192756653,
            0.6534610191980997,
            0.6701091925303141,
            0.6587586204210917,
            0.7089823087056478
        ]
    },
    "accuracy": {
        "0": [
            0.6208658491267186,
            0.46506874767744333,
            0.47333704942400595,
            0.6310850984764028,
            0.6164994425863991,
            0.5411557041991825,
            0.49851356373095507,
            0.46367521367521364,
            0.4546636937941286,
            0.6512448903753252
        ],
        "1": [
            0.6584912671869193,
            0.606001486436269,
            0.5798030471943515,
            0.5807320698625046,
            0.6092530657748049,
            0.5450575994054255,
            0.5807320698625046,
            0.5558342623560015,
            0.5838907469342252,
            0.5610367892976589
        ],
        "2": [
            0.6524526198439242,
            0.6123188405797101,
            0.5942028985507247,
            0.6292270531400966,
            0.655982905982906,
            0.607209215904868,
            0.6157562244518765,
            0.6568190263842438,
            0.6518952062430323,
            0.6406540319583798
        ],
        "3": [
            0.5224823485693051,
            0.5274990709773318,
            0.5662393162393162,
            0.6026570048309178,
            0.6030286138981791,
            0.5932738758825714,
            0.5773875882571535,
            0.5618729096989966,
            0.5796172426607208,
            0.5286138981791155
        ]
    },
    "f1_score": {
        "0": [
            0.5548099646638792,
            0.385678800078708,
            0.4054750581480815,
            0.6104526432176698,
            0.6036517443604289,
            0.5359798656315572,
            0.48081217965322015,
            0.4356237209103914,
            0.4107020070124488,
            0.6467147743099039
        ],
        "1": [
            0.6020426534160825,
            0.49534655425894353,
            0.46547869077097576,
            0.4677548774410735,
            0.5458902379268037,
            0.48199885322498776,
            0.5240425857184234,
            0.4969318373047586,
            0.5025810462956418,
            0.4499533061677943
        ],
        "2": [
            0.610577346465889,
            0.5661698481143201,
            0.5441202432328524,
            0.5865359680291853,
            0.612100752169084,
            0.5587679353304617,
            0.5689237965323756,
            0.6109160783742184,
            0.6049632184082279,
            0.5931808819600713
        ],
        "3": [
            0.3867064849314466,
            0.4017251338786975,
            0.45536185494754156,
            0.4945088432349922,
            0.49453949694829696,
            0.4827185029484899,
            0.46142351641053675,
            0.43995337028168796,
            0.47265753017890194,
            0.38723217152549744
        ]
    },
    "task_accuracy_matrix": {
        "0": {
            "0": 0.6512448903753252
        },
        "1": {
            "0": 0.6467855815681903,
            "1": 0.6584912671869193
        },
        "2": {
            "0": 0.49665551839464883,
            "1": 0.4377554812337421,
            "2": 0.6568190263842438
        },
        "3": {
            "0": 0.6135265700483091,
            "1": 0.5927164622816797,
            "2": 0.5228539576365664,
            "3": 0.6030286138981791
        }
    },
    "bwt": {
        "0": 0.0,
        "1": -0.004459308807134854,
        "2": -0.18766257896692679,
        "3": -0.07915273132664435
    },
    "buffer_quality": {
        "client_0_worstparent_var10_dec": {
            "column_shapes": 0.9641,
            "column_pair_trends": 0.8002,
            "overall": 0.8821
        },
        "client_0_worstparent_var20_base": {
            "column_shapes": 0.9698,
            "column_pair_trends": 0.9008,
            "overall": 0.9353
        },
        "client_0_worstparent_var10_oo": {
            "column_shapes": 0.9789,
            "column_pair_trends": 0.7919,
            "overall": 0.8854
        },
        "client_0_worstparent_var15_base": {
            "column_shapes": 0.9736,
            "column_pair_trends": 0.8902,
            "overall": 0.9319
        },
        "client_1_worstparent_var5_dec": {
            "column_shapes": 0.9868,
            "column_pair_trends": 0.7573,
            "overall": 0.8721
        },
        "client_1_worstparent_var10_base": {
            "column_shapes": 0.9757,
            "column_pair_trends": 0.8314,
            "overall": 0.9036
        },
        "client_1_worstparent_var5_base": {
            "column_shapes": 0.986,
            "column_pair_trends": 0.905,
            "overall": 0.9455
        },
        "client_1_worstparent_var5_oo": {
            "column_shapes": 0.9828,
            "column_pair_trends": 0.931,
            "overall": 0.9569
        },
        "client_2_worstparent_var15_dec": {
            "column_shapes": 0.9678,
            "column_pair_trends": 0.8739,
            "overall": 0.9209
        },
        "client_2_worstparent_var20_oo": {
            "column_shapes": 0.9761,
            "column_pair_trends": 0.8719,
            "overall": 0.924
        },
        "client_2_worstparent_var15_oo": {
            "column_shapes": 0.9736,
            "column_pair_trends": 0.8387,
            "overall": 0.9062
        },
        "client_2_worstparent_var20_dec": {
            "column_shapes": 0.965,
            "column_pair_trends": 0.894,
            "overall": 0.9295
        }
    }
}