{
    "loss": {
        "0": [
            0.685081402460734,
            4.377641101678212,
            3.7259987592697144,
            3.9486475189526877,
            2.6707558035850525,
            2.594996929168701,
            3.3449952602386475,
            1.8532575368881226,
            1.6197242339452107,
            1.689193030198415,
            2.3085614840189614,
            2.5537529786427817,
            2.1377585331598916,
            2.5458308855692544,
            2.889668623606364,
            2.5644755363464355,
            2.397000471750895,
            2.2832391262054443,
            2.2977425257364907,
            2.3629728158315024
        ],
        "1": [
            2.4521066745122275,
            1.9143127302328746,
            1.8219658931096394,
            1.2922191818555195,
            2.8055806756019592,
            2.3859864870707193,
            1.9999484221140544,
            2.4654575983683267,
            1.8822242220242817,
            2.334031661351522,
            2.1061617732048035,
            2.0292431116104126,
            2.35995352268219,
            2.0223474502563477,
            1.6035353938738506,
            2.673438847064972,
            2.925985256830851,
            1.8648207783699036,
            5.2098548412323,
            5.808212737242381
        ],
        "2": [
            0.7091845472653707,
            0.7244892716407776,
            0.8018898169199625,
            0.7834376494089762,
            0.7357430458068848,
            0.7137870589892069,
            0.699351946512858,
            0.9125360051790873,
            1.190808097521464,
            1.0620439251263936,
            0.6492695212364197,
            0.9391549825668335,
            0.9948718547821045,
            0.8823921283086141,
            1.107347846031189,
            1.081335961818695,
            1.1928210457166035,
            0.8233823180198669,
            1.0186795989672344,
            0.8174086014429728
        ],
        "3": [
            1.268290599187215,
            1.0010732412338257,
            1.0451370477676392,
            1.140165279308955,
            1.3861095160245895,
            1.476914366086324,
            1.712477038304011,
            1.4127109746138256,
            1.6593715747197468,
            1.3738514979680378,
            1.423564612865448,
            1.6626582245031993,
            1.960957537094752,
            1.936963140964508,
            2.0128449201583862,
            2.0623806715011597,
            2.1760852535565696,
            1.7301744023958843,
            2.397464652856191,
            1.8482215007146199
        ]
    },
    "accuracy": {
        "0": [
            0.5484082397003746,
            0.4948501872659176,
            0.4806179775280899,
            0.5698501872659176,
            0.4467228464419475,
            0.5205056179775281,
            0.447378277153558,
            0.4598314606741573,
            0.5534644194756554,
            0.5691011235955056,
            0.5512172284644196,
            0.5094569288389513,
            0.5375468164794007,
            0.5279026217228465,
            0.5434456928838951,
            0.5052434456928839,
            0.5003745318352061,
            0.5307116104868914,
            0.5609550561797753,
            0.47921348314606743
        ],
        "1": [
            0.599250936329588,
            0.7148876404494381,
            0.6301498127340824,
            0.6413857677902621,
            0.5997191011235955,
            0.6107677902621722,
            0.6056179775280898,
            0.6574906367041199,
            0.572003745318352,
            0.5275280898876404,
            0.48726591760299626,
            0.6197565543071161,
            0.571629213483146,
            0.59625468164794,
            0.5919475655430712,
            0.550374531835206,
            0.48876404494382025,
            0.5619850187265917,
            0.5764044943820225,
            0.4881086142322097
        ],
        "2": [
            0.5602059925093633,
            0.578558052434457,
            0.6113295880149813,
            0.6452247191011237,
            0.7243445692883895,
            0.6441011235955055,
            0.6585205992509363,
            0.6673220973782771,
            0.605430711610487,
            0.6124531835205992,
            0.6670411985018726,
            0.5703183520599251,
            0.6184456928838952,
            0.6848314606741573,
            0.6532771535580525,
            0.6421348314606742,
            0.6334269662921348,
            0.6990636704119849,
            0.64812734082397,
            0.6939138576779026
        ],
        "3": [
            0.5117977528089889,
            0.5967228464419475,
            0.5771535580524345,
            0.6164794007490637,
            0.6067415730337079,
            0.6135767790262172,
            0.6411985018726591,
            0.6452247191011237,
            0.6416666666666667,
            0.6421348314606742,
            0.6420411985018727,
            0.6202247191011235,
            0.628370786516854,
            0.6281835205992509,
            0.624625468164794,
            0.6264044943820225,
            0.6293071161048689,
            0.6171348314606742,
            0.6140449438202248,
            0.6249063670411985
        ]
    },
    "f1_score": {
        "0": [
            0.438058022948886,
            0.401195853497468,
            0.3759327001585626,
            0.4635959850452087,
            0.34717295977077467,
            0.46402926086851387,
            0.35749516757408156,
            0.37147213655773675,
            0.5063960490740668,
            0.5334134078389403,
            0.5091991537645042,
            0.4309085560457821,
            0.49678368556277613,
            0.4572965482148055,
            0.477007206612301,
            0.4050379166371285,
            0.3933770491388738,
            0.4305839469223784,
            0.4853810391207327,
            0.39098208985246924
        ],
        "1": [
            0.5263650601036968,
            0.6546582241489228,
            0.570250955615524,
            0.5914348140294399,
            0.5190453711251951,
            0.5473359821495618,
            0.5446873585159913,
            0.5984357158635625,
            0.513366391868347,
            0.46509166759560233,
            0.42915789018471023,
            0.5595817119405766,
            0.5137654500144246,
            0.5326086384961195,
            0.5478188797445968,
            0.4819763182277627,
            0.42713663166556365,
            0.46645314632506985,
            0.49551373940570215,
            0.4231834540905937
        ],
        "2": [
            0.4847464338080927,
            0.5504220467412876,
            0.5238789292963947,
            0.6001280781905559,
            0.6929391946404505,
            0.632596526442705,
            0.6352067098281652,
            0.6509440012709387,
            0.5927364565360538,
            0.5987340958986053,
            0.6591594469694736,
            0.54734506091118,
            0.606809787244793,
            0.6764831666495126,
            0.6395844345747378,
            0.6257652633323874,
            0.6145616022898449,
            0.6903920521212698,
            0.6133067092624919,
            0.6865236835553145
        ],