{
    "loss": {
        "0": [
            1.4661144415537517,
            2.121472497781118,
            2.263067195812861,
            2.280521551767985,
            2.232419808705648,
            2.1752794981002808,
            2.1808622082074485,
            1.8706522186597188,
            2.0889475544293723,
            1.6354765892028809
        ],
        "1": [
            0.749601682027181,
            1.0113367636998494,
            1.0492863257726033,
            1.1891261736551921,
            1.0341819524765015,
            1.302719235420227,
            1.2031038006146748,
            1.3310662508010864,
            1.3199143807093303,
            1.6387888193130493
        ],
        "2": [
            0.5893701612949371,
            0.6353434721628824,
            0.615083783864975,
            0.6106016238530477,
            0.5826866924762726,
            0.5761053661505381,
            0.6461993753910065,
            0.5686320662498474,
            0.5476238429546356,
            0.5686766902605692
        ],
        "3": [
            2.548117776711782,
            2.0311442812283835,
            1.7087758580843608,
            1.2306736310323079,
            1.1067907810211182,
            0.7222492297490438,
            0.7318601210912069,
            0.7057305574417114,
            1.092263122399648,
            0.7504374583562216
        ]
    },
    "accuracy": {
        "0": [
            0.46207865168539325,
            0.45908239700374537,
            0.6203183520599251,
            0.6306179775280899,
            0.595131086142322,
            0.6485955056179775,
            0.649063670411985,
            0.6516853932584269,
            0.6536516853932585,
            0.6447565543071161
        ],
        "1": [
            0.6449438202247192,
            0.43979400749063674,
            0.5084269662921348,
            0.5183520599250936,
            0.504494382022472,
            0.5072097378277154,
            0.5214419475655431,
            0.5367977528089888,
            0.5306179775280898,
            0.5247191011235955
        ],
        "2": [
            0.5913857677902622,
            0.6056179775280898,
            0.6835205992509362,
            0.6480337078651686,
            0.674625468164794,
            0.677621722846442,
            0.6099250936329588,
            0.7106741573033708,
            0.7586142322097378,
            0.6808988764044944
        ],
        "3": [
            0.550374531835206,
            0.5681647940074906,
            0.4852996254681648,
            0.48586142322097375,
            0.5177902621722846,
            0.5135767790262172,
            0.5163857677902622,
            0.5445692883895131,
            0.5047752808988765,
            0.5210674157303371
        ]
    },
    "f1_score": {
        "0": [
            0.3721244562046728,
            0.35916809242508635,
            0.5646290251677478,
            0.597957529203241,
            0.5722151977569708,
            0.6187728283825258,
            0.6177854205098762,
            0.5994053395227753,
            0.5863386090116226,
            0.5830426510960365
        ],
        "1": [
            0.5689345316382876,
            0.32526199471896705,
            0.39557707059209163,
            0.44063095148067505,
            0.42778994345484445,
            0.4310304170797985,
            0.4414789752138237,
            0.44429219900062633,
            0.43838544579888544,
            0.43487083086528733
        ],
        "2": [
            0.5299895293785521,
            0.54928258809187,
            0.6484689125779407,
            0.6134994931258848,
            0.6528505352734603,
            0.6612406333913058,
            0.5864066567436726,
            0.6719887428466955,
            0.747585889436158,
            0.651172839519711
        ],
        "3": [
            0.47062799118047494,
            0.4950349256535298,
            0.4164129600013242,
            0.37071709633507127,
            0.406792339483428,
            0.3756774694786398,
            0.38083081094951216,
            0.4312097808419085,
            0.3563322556324111,
            0.3894031759293493
        ]
    },
    "task_accuracy_matrix": {
        "0": {
            "0": 0.6536516853932585
        },
        "1": {
            "0": 0.5604868913857678,
            "1": 0.6449438202247192
        },
        "2": {
            "0": 0.525936329588015,
            "1": 0.6327715355805242,
            "2": 0.7586142322097378
        },
        "3": {
            "0": 0.6812734082397004,
            "1": 0.6079588014981273,
            "2": 0.5160112359550562,
            "3": 0.5681647940074906
        }
    },
    "bwt": {
        "0": 0.0,
        "1": -0.09316479400749067,
        "2": -0.06994382022471923,
        "3": -0.08398876404494386
    }
}