{
    "loss": {
        "0": [
            0.6842708388964335,
            3.107763489087423,
            3.629143238067627,
            3.170881986618042,
            2.8195664485295615,
            1.8474957942962646,
            2.0703272024790444,
            1.7337026000022888,
            2.4173622528711953,
            1.9223889509836833,
            1.4591095646222432,
            1.68800022204717,
            1.5513211091359456,
            1.3134076595306396,
            1.260678728421529,
            1.390308717886607,
            1.2614660660425823,
            1.2436477343241374,
            1.119948188463847,
            1.0725724895795186
        ],
        "1": [
            0.8839697043100992,
            0.9147103627522787,
            1.2939384579658508,
            1.2491365273793538,
            1.4323256413141887,
            1.3175125916798909,
            1.3297104835510254,
            1.0598876078923543,
            1.1136480967203777,
            1.2399012446403503,
            1.2341156005859375,
            1.0087007284164429,
            1.214994211991628,
            1.0359498659769695,
            1.3289681275685628,
            1.0399160186449687,
            1.0367195010185242,
            1.092238465944926,
            1.0706209540367126,
            0.9606481591860453
        ],
        "2": [
            0.7122450570265452,
            0.7643800775210062,
            0.7632997830708822,
            0.7772461175918579,
            0.7785388032595316,
            0.7347973982493082,
            0.6866597334543864,
            0.7429759899775187,
            0.702972948551178,
            0.7864535450935364,
            0.7412538131078085,
            0.8321407834688822,
            0.8309104045232137,
            0.7834730943044027,
            0.8572253386179606,
            0.8474889000256857,
            0.7223188877105713,
            0.9269147912661234,
            0.8995552460352579,
            0.8742026090621948
        ],
        "3": [
            0.9233031868934631,
            0.8968471089998881,
            0.9365199605623881,
            0.9288005034128824,
            0.8696202039718628,
            0.7423768838246664,
            0.6592392722765604,
            0.7640091379483541,
            0.6970449288686117,
            0.6673694650332133,
            0.6942430734634399,
            0.6298536856969198,
            0.7068457007408142,
            0.8488167524337769,
            0.829435408115387,
            0.7548808256785074,
            0.8827602863311768,
            0.8028058012326559,
            0.8324305812517802,
            0.9256032506624857
        ]
    },
    "accuracy": {
        "0": [
            0.49024526198439244,
            0.39149015235971757,
            0.44565217391304346,
            0.5380899293942772,
            0.5097547380156077,
            0.491638795986622,
            0.4336677814938685,
            0.5222036417688593,
            0.49832775919732436,
            0.4858788554440728,
            0.5090115198810851,
            0.4975845410628019,
            0.5410628019323672,
            0.6360089186176142,
            0.6427907840951319,
            0.5582497212931995,
            0.6231884057971014,
            0.605072463768116,
            0.611668524712003,
            0.6036789297658863
        ],
        "1": [
            0.5706057227796358,
            0.6056298773690078,
            0.5486807878112225,
            0.5689334819769601,
            0.5324228911185432,
            0.5235971757710888,
            0.529635823114084,
            0.5104050538833147,
            0.5522110739502044,
            0.5588071348940914,
            0.5941099962839093,
            0.5800817539947974,
            0.5407840951319213,
            0.5747863247863247,
            0.5459866220735785,
            0.5710702341137124,
            0.5965254552211073,
            0.6166852471200297,
            0.6554254923820141,
            0.6334076551467857
        ],
        "2": [
            0.6623002601263471,
            0.5905797101449275,
            0.576923076923077,
            0.5875139353400223,
            0.6105536975102192,
            0.6304347826086957,
            0.6360089186176143,
            0.5472872538089929,
            0.6534745447788926,
            0.5986622073578595,
            0.6226309921962095,
            0.5566703827573393,
            0.614362690449647,
            0.6076737272389446,
            0.5806391675956893,
            0.6412114455592717,
            0.6650873281308064,
            0.5505388331475288,
            0.6109253065774806,
            0.641583054626533
        ],
        "3": [
            0.4913600891861762,
            0.5666109253065775,
            0.5176514306949089,
            0.48987365291713125,
            0.5382757339279078,
            0.5237829803047195,
            0.5529542920847268,
            0.5844481605351171,
            0.5949461166852471,
            0.5469156447417317,
            0.6144555927164622,
            0.6226309921962095,
            0.5478446674098848,
            0.5316796729840209,
            0.5052025269416575,
            0.5273132664437012,
            0.4665551839464883,
            0.5285209959123002,
            0.48169825343738387,
            0.47863247863247865
        ]
    },
    "f1_score": {
        "0": [
            0.3684527232525645,
            0.29053471151288096,
            0.3799287443169221,
            0.43720251752052536,
            0.4296744796171632,
            0.38781369862818305,
            0.3605105167236282,
            0.47777871142579426,
            0.4730592838161261,
            0.4410055295121999,
            0.47445050374313985,
            0.4546065561470862,
            0.5203509569200921,
            0.6200071862150185,
            0.6214836033404846,
            0.5459478322475321,
            0.5992506566774765,
            0.5831403252788362,
            0.5861638712134233,
            0.5777891801401228
        ],
        "1": [
            0.5523025136257992,
            0.5948576291547987,
            0.4923145792857386,
            0.45659475773018315,
            0.4421382821678755,
            0.41960717052022467,
            0.4534037248952704,
            0.4551027864636141,
            0.500999266847764,
            0.5295709544549656,
            0.5643395488498979,
            0.566203365842127,
            0.5284940339004246,
            0.5493717601519409,
            0.4914149528588155,
            0.5489421230131546,
            0.57215172650267,
            0.5677262649811935,
            0.6206236119546438,
            0.6120343122962179
        ],
        "2": [
            0.6540247009700835,
            0.5696846441146658,
            0.5566586656934369,
            0.5740117750115156,
            0.6000093309139163,
            0.617641616080513,
            0.6328604121758087,
            0.5346541390683246,
            0.6424644200799703,
            0.5747739605309669,
            0.6075940416839932,
            0.5502562090132445,
            0.5932513009875175,
            0.5959259778616284,
            0.5502314282148874,
            0.6306696932574594,
            0.6522548210981969,
            0.5383972867993446,
            0.5980095868672515,
            0.6303062935349738
        ],